N,upvotes,comment
1,1700,"Will Smith doesn't have to in his raps to sell records, I do."
2,970,"So fuck him, and fuck you too"
3,386,Think I give a dang about a Grammy?
4,313,"Half of you critics can't even stomach me, let alone stand me"
5,275,"""But Slim, what if ya win? Wouldn't it be weird?"""
6,250,"""Why, so you guys could just lie to get me here?"""
7,236,So you can sit me here next to Britney Spears?
8,214,"Shit, Christina Aguilera better switch me chairs."
9,196,So I can sit next to Carson Daly and Fred Durst
10,135,Hear ‘em argue over who she gave head to first
11,124,Little bitch put me on blast on MTV
12,133,"Yeah he’s cute but I think he’s married to Kim, heehee."
13,122,I should download her audio on mp3
14,116,And show the whole world how you gave Eminem VD
15,105,"I'm sick of you little girl and boy groups

All you do is annoy me, so I have been sent here to destroy you."
16,95,And there's a million of us just like me
17,90,"Who cuss like me, who just don’t give a fuck like me"
18,93,"Who dress like me, walk talk and act like me And just might be, the next best thing, but not quite me…"
19,60,Cuz I’m Slim Shady
20,62,"Yes, I'm the real Shady"
21,57,All you other Slim Shady's
22,56,Are just imitating
23,56,So won't the real slim shady please stand up?
24,57,Please stand up
25,53,Please stand up
26,48,I'm like a head trip to listen to
27,43,cause I'm only givin' you things you joke about with your friends inside your livin' room
28,39,"The only difference is I got the balls to say it in front of y'all, And I don't gotta be false or sugarcoat it at all"
29,37,I just get on the mic and spit it.
30,34,"and whether you like to admit it, I just shit it."
31,33,Better than ninety percent of you rappers out can
32,35,"Then you wonder, how can kids eat up these albums like Valiums?"
33,40,"Cause at the rate I'm going when I'm 30, I'll be the only person in the nursing home flirting"
34,35,Pinching nurses asses when I’m jacking off with Jergen
35,34,And I'm jerking but this whole bag of Viagra isn't working
36,34,And every single person is a Slim Shady lurking
37,34,Could be working at Burger King spitting on your onion rings
38,33,"Or in the parking lot, circling, screaming, ""I don't give a fuck"", with his windows down and his system up"
39,35,So would the real Shady please stand up
40,37,And put one of those fingers on each hand up
41,31,And be proud to be outta your mind and outta control
42,28,"And one more time, loud as you can, how does it go?"
43,28,I’m slim shady yes I’m the real shady
44,24,All you other Slim Shady's are just imitating
45,27,So won’t the real slim shady please stand up? Please stand up?
46,23,Please stand up
47,19,Please stand up
48,6,"haha, I guess there's a Slim Shady in all of us"